|Job title|Company name|Location|Job type|Position|Num of employees|Field|Skills|Job desc|Job desc(HTML)
0|Guest Services Manager|Le Méridien Putrajaya|Putrajaya, Putrajaya Federal Territory, Malaysia|Full-time|Mid-Senior level|51-200 employees|Hospitality|Communication, Confidentiality, Daily Reports, Etiquette, Guest Services, Housekeeping, Policies & Procedures, Quality Assurance, Retail Loss Prevention, Switchboard|"JOB SUMMARY
Serves as the property Manager on Duty and oversees all property operations, ensuring that the highest levels of hospitality and service are provided. Represents property management in resolving any guest related situation. Manages the flow of questions and directs guests within the lobby. Serves as Guest Relations Manager and handles the tracking of service issues.
Education, Qualifications & Experience:
Education and Experience
• High school diploma or GED; 2 years experience in the guest services, front desk, or related professional area.
OR
• 2-year degree from an accredited university in Hotel and Restaurant Management, Hospitality, Business Administration, or related major; no work experience required.
CORE WORK ACTIVITIES
Leading Guest Services Teams
• Utilizes interpersonal and communication skills to lead, influence, and encourage others; advocates sound financial/business decision making; demonstrates honesty/integrity; leads by example.
• Encourages and builds mutual trust, respect, and cooperation among team members.
• Serves as a role model to demonstrate appropriate behaviors.
• Supervises and manages employees. Manages all day-to-day operations. Understands employee positions well enough to perform duties in employees' absence.
• Celebrates successes and publicly recognizes the contributions of team members.
• Establishes and maintains open, collaborative relationships with employees and ensures employees do the same within the team.
Maintaining Guest Services and Front Desk Goals
• Develops specific goals and plans to prioritize, organize, and accomplish your work.
• Handles complaints, settling disputes, and resolving grievances and conflicts, or otherwise negotiating with others.
• Maintains a strong working relationship with all departments to support property operations and goals and to expedite the resolution of any problems that may arise through the general operation of the property.
• Intervenes in any guest/employee situation as needed to insure the integrity of the property is maintained, guest satisfaction is achieved, and employee well being is preserved.
• Ensures that regular on-going communication is happening with employees to create awareness of business objectives and communicate expectations, recognizes performance, and produces desired results.
• Comprehends budgets, operating statements and payroll progress reports as needed to assist in the financial management areas of department.
Ensuring Exceptional Customer Service
• Provides services that are above and beyond for customer satisfaction and retention.
• Improves service by communicating and assisting individuals to understand guest needs, providing guidance, feedback, and individual coaching when needed.
• Manages day-to-day operations, ensuring the quality, standards and meeting the expectations of the customers on a daily basis.
• Serves as a leader in displaying outstanding hospitality skills.
• Sets a positive example for guest relations.
• Responds to and handles guest problems and complaints.
• Empowers employees to provide excellent customer service.
• Observes service behaviors of employees and provides feedback to individuals.
• Strives to improve service performance.
• Provides immediate assistance to guests as requested.
• Ensures employees understand customer service expectations and parameters.
• Participates in the development and implementation of corrective action plans to improve guest satisfaction.
Implementing Projects and Policies
• Implements the customer recognition/service program, communicating and ensuring the process.
• Ensures property policies are administered fairly and consistently, disciplinary procedures and documentation are completed according to Standard and Local Operating Procedures (SOPs and LSOPS) and support the Peer Review Process.
• Manages payroll administration.
Conducting Human Resource Activities
• Identifies the developmental needs of others and coaching, mentoring, or otherwise helping others to improve their knowledge or skills.
• Provides guidance and direction to subordinates, including setting performance standards and monitoring performance.
• Participates in employee progressive discipline procedures.
• Uses all available on the job training tools for employees.
• Solicits employee feedback, utilizes an “open door” policy and reviews employee satisfaction results to identify and address employee problems or concerns.
• Supervises on-going training initiatives and conducts training when appropriate.
• Participates in the employee performance appraisal process, providing feedback as needed.
Additional Responsibilities
• Provides information to supervisors, co-workers, and subordinates by telephone, in written form, e-mail, or in person.
• Analyzes information and evaluating results to choose the best solution and solve problems.
• Informs and/or updates the executives, the peers and the subordinates on relevant information in a timely manner.
• Maintains high visibility in public areas during peak times.
• Understands and can implement all emergency plans including accident, death, elevator, thefts, vicious crimes, bombs, fire, etc.
• Performs Front Desk duties in high demand times.
Marriott International is an equal opportunity employer. We believe in hiring a diverse workforce and sustaining an inclusive, people-first culture. We are committed to non-discrimination on any protected basis, such as disability and veteran status, or any other basis covered under applicable law.

At Le Méridien, we believe in helping guests unlock the unexpected and engaging experiences each destination has to offer. Our guests are curious and creative, cosmopolitan, culture seekers that appreciate sophisticated, timeless service. We provide original, chic and memorable service and experiences that inspire guests to unlock the destination. We’re looking for curious, creative and well-informed people to join our team. If you appreciate connecting with like-minded guests and have a deep desire to create unexpected experiences, we invite you to explore career opportunities with Le Méridien."|"<article class=""jobs-description__container
      m4"">
    <div class=""jobs-description__content jobs-description-content
        "">
      <div class=""jobs-box__html-content jobs-description-content__text t-14 t-normal
          jobs-description-content__text--stretch"" id=""job-details"" tabindex=""-1"">
<!---->
<!---->
<!---->        <span>
                <p><strong>JOB SUMMARY</strong></p><p><strong> </strong></p><p><strong>Serves as the property Manager on Duty and oversees all property operations, ensuring that the highest levels of hospitality and service are provided. Represents property management in resolving any guest related situation. Manages the flow of questions and directs guests within the lobby. Serves as Guest Relations Manager and handles the tracking of service issues.</strong></p><p><strong> </strong></p><p><strong>CANDIDATE PROFILE</strong></p><p><strong> </strong></p><p><strong>Education and Experience</strong></p><p><strong>• High school diploma or GED; 2 years experience in the guest services, front desk, or related professional area.</strong></p><p><strong>OR</strong></p><p><strong>• 2-year degree from an accredited university in Hotel and Restaurant Management, Hospitality, Business Administration, or related major; no work experience required.</strong></p><p><strong> </strong></p><p><strong>CORE WORK ACTIVITIES</strong></p><p><strong> </strong></p><p><strong>Leading Guest Services Teams</strong></p><p><strong>• Utilizes interpersonal and communication skills to lead, influence, and encourage others; advocates sound financial/business decision making; demonstrates honesty/integrity; leads by example.</strong></p><p><strong>• Encourages and builds mutual trust, respect, and cooperation among team members.</strong></p><p><strong>• Serves as a role model to demonstrate appropriate behaviors.</strong></p><p><strong>• Supervises and manages employees. Manages all day-to-day operations. Understands employee positions well enough to perform duties in employees' absence.</strong></p><p><strong>• Celebrates successes and publicly recognizes the contributions of team members.</strong></p><p><strong>• Establishes and maintains open, collaborative relationships with employees and ensures employees do the same within the team.</strong></p><p><strong> </strong></p><p><strong>Maintaining Guest Services and Front Desk Goals</strong></p><p><strong>• Develops specific goals and plans to prioritize, organize, and accomplish your work.</strong></p><p><strong>• Handles complaints, settling disputes, and resolving grievances and conflicts, or otherwise negotiating with others.</strong></p><p><strong>• Maintains a strong working relationship with all departments to support property operations and goals and to expedite the resolution of any problems that may arise through the general operation of the property.</strong></p><p><strong>• Intervenes in any guest/employee situation as needed to insure the integrity of the property is maintained, guest satisfaction is achieved, and employee well being is preserved.</strong></p><p><strong>• Ensures that regular on-going communication is happening with employees to create awareness of business objectives and communicate expectations, recognizes performance, and produces desired results.</strong></p><p><strong>• Comprehends budgets, operating statements and payroll progress reports as needed to assist in the financial management areas of department.</strong></p><p><strong> </strong></p><p><strong>Ensuring Exceptional Customer Service</strong></p><p><strong>• Provides services that are above and beyond for customer satisfaction and retention.</strong></p><p><strong>• Improves service by communicating and assisting individuals to understand guest needs, providing guidance, feedback, and individual coaching when needed.</strong></p><p><strong>• Manages day-to-day operations, ensuring the quality, standards and meeting the expectations of the customers on a daily basis.</strong></p><p><strong>• Serves as a leader in displaying outstanding hospitality skills.</strong></p><p><strong>• Sets a positive example for guest relations.</strong></p><p><strong>• Responds to and handles guest problems and complaints.</strong></p><p><strong>• Empowers employees to provide excellent customer service.</strong></p><p><strong>• Observes service behaviors of employees and provides feedback to individuals.</strong></p><p><strong>• Strives to improve service performance.</strong></p><p><strong>• Provides immediate assistance to guests as requested.</strong></p><p><strong>• Ensures employees understand customer service expectations and parameters.</strong></p><p><strong>• Participates in the development and implementation of corrective action plans to improve guest satisfaction.</strong></p><p><strong> </strong></p><p><strong> </strong></p><p><strong>Implementing Projects and Policies</strong></p><p><strong>• Implements the customer recognition/service program, communicating and ensuring the process.</strong></p><p><strong>• Ensures property policies are administered fairly and consistently, disciplinary procedures and documentation are completed according to Standard and Local Operating Procedures (SOPs and LSOPS) and support the Peer Review Process.</strong></p><p><strong>• Manages payroll administration.</strong></p><p><strong> </strong></p><p><strong>Conducting Human Resource Activities</strong></p><p><strong>• Identifies the developmental needs of others and coaching, mentoring, or otherwise helping others to improve their knowledge or skills.</strong></p><p><strong>• Provides guidance and direction to subordinates, including setting performance standards and monitoring performance.</strong></p><p><strong>• Participates in employee progressive discipline procedures.</strong></p><p><strong>• Uses all available on the job training tools for employees.</strong></p><p><strong>• Solicits employee feedback, utilizes an “open door” policy and reviews employee satisfaction results to identify and address employee problems or concerns.</strong></p><p><strong>• Supervises on-going training initiatives and conducts training when appropriate.</strong></p><p><strong>• Participates in the employee performance appraisal process, providing feedback as needed.</strong></p><p><strong> </strong></p><p><strong>Additional Responsibilities</strong></p><p><strong>• Provides information to supervisors, co-workers, and subordinates by telephone, in written form, e-mail, or in person.</strong></p><p><strong>• Analyzes information and evaluating results to choose the best solution and solve problems.</strong></p><p><strong>• Informs and/or updates the executives, the peers and the subordinates on relevant information in a timely manner.</strong></p><p><strong>• Maintains high visibility in public areas during peak times.</strong></p><p><strong>• Understands and can implement all emergency plans including accident, death, elevator, thefts, vicious crimes, bombs, fire, etc.</strong></p><p><strong>• Performs Front Desk duties in high demand times.</strong></p><p><strong> </strong></p><p><strong> </strong></p><p>Marriott International is an equal opportunity employer. We believe in hiring a diverse workforce and sustaining an inclusive, people-first culture. We are committed to non-discrimination on any protected basis, such as disability and veteran status, or any other basis covered under applicable law.</p><p><br>
</p><p>At Le Méridien, we believe in helping guests unlock the unexpected and engaging experiences each destination has to offer. Our guests are curious and creative, cosmopolitan, culture seekers that appreciate sophisticated, timeless service. We provide original, chic and memorable service and experiences that inspire guests to unlock the destination. We’re looking for curious, creative and well-informed people to join our team. If you appreciate connecting with like-minded guests and have a deep desire to create unexpected experiences, we invite you to explore career opportunities with Le Méridien.</p>
<!---->        </span>
      </div>
<!---->      <div class=""jobs-description__details"">
<!---->
      </div>
    </div>
  </article>"
1|Project Associate (Future of Work)|Mereka|Kuala Lumpur, Federal Territory of Kuala Lumpur, Malaysia|Full-time|Associate|11-50 employees|Education|English, Adobe Photoshop, Adobe Premiere Pro, After Effects, Editing, Instructional Design, Motion Graphics, Punctuation, Team Leadership, Video Editing|"About the Programme
The program is focusing on empowering and skilling digital professionals and individuals with digital and employability skills to tackle the challenges of employability and succeed in the digital economy.

The ideal candidate is able to assist to manage and oversee the e-learning, asynchronous material, MOOC platforms, career partnerships, and other end-to-end project management. You will work closely with our project lead, clients, freelancers, partners, and relevant stakeholders. You must be inclined and driven with positivity to build meaningful relationships with the program participants, partners, and client

Responsibilities:
Assist with end-to-end project management, from planning to final report preparation, and liaising with the client for a digital upskilling employability program.
Assist with working with Instructional Designers, plan, design, and oversee the execution of content development, and make improvements based on participant feedback
Assist to draft project proposals, grant applications, sales pitches, presentations, reference material, and other documents as required.
Assist with working with marketing and communications team and freelancers, plan, manage and oversee the execution of marketing, and communications for participant recruitment, program branding, and outreach, and program marketing and communications
Assist with the recruitment, onboarding, and management of participants throughout the program duration and follow-up after the program
Assist team with project, ecosystem & employability partners, to ensure the learners succeed in their new employment journey.
Responsible for meeting all stated project deliverables following {company} Project Management SOPs

Responsibilities:
Bachelor’s Degree in public policy, education, marketing, communications, project management, administration, management, business, human resources, or any related field.
At least 1 year of project management and/or related experience. Experience seeing projects through the full life cycle with a proven ability to complete projects according to outlined scope, budget, and timeline will be an added advantage.
Passionate and have a deep understanding of the digital upskilling & employability scene in Malaysia/Indonesia.
Ability to speak, read and write fluently in English and Malay
Ability to connect and build meaningful relationships with stakeholders
Strong familiarity with project management, digital tools, methodologies, and best practices

Remuneration Range: Starting from RM2,800 to RM4,500 (depending on career level)
Perks: Flexible Working Arrangement, Holistic Wellness, Career Growth & Advancement, & Approachable Leadership and Team
Location:{location}
Engagement: Full-time role (To commence with a 1-year contract on the first year of employment)"|"<article class=""jobs-description__container
      m4"">
    <div class=""jobs-description__content jobs-description-content
        "">
      <div class=""jobs-box__html-content jobs-description-content__text t-14 t-normal
          jobs-description-content__text--stretch"" id=""job-details"" tabindex=""-1"">
<!---->
<!---->
<!---->        <span>
                <p><strong>About the Programme</strong></p><p>The program is focusing on empowering and skilling digital professionals and individuals with digital and employability skills to tackle the challenges of employability and succeed in the digital economy. </p><p><br>
</p><p>The ideal candidate is able to assist to manage and oversee the e-learning, asynchronous material, MOOC platforms, career partnerships, and other end-to-end project management. You will work closely with our project lead, clients, freelancers, partners, and relevant stakeholders. You must be inclined and driven with positivity to build meaningful relationships with the program participants, partners, and client</p><p><br>
</p><p><strong>Job Description </strong></p><ul><li>Assist with end-to-end project management, from planning to final report preparation, and liaising with the client for a digital upskilling employability program. </li><li>Assist with working with Instructional Designers, plan, design, and oversee the execution of content development, and make improvements based on participant feedback</li><li>Assist to draft project proposals, grant applications, sales pitches, presentations, reference material, and other documents as required.</li><li>Assist with working with marketing and communications team and freelancers, plan, manage and oversee the execution of marketing, and communications for participant recruitment, program branding, and outreach, and program marketing and communications</li><li>Assist with the recruitment, onboarding, and management of participants throughout the program duration and follow-up after the program</li><li>Assist team with project, ecosystem &amp; employability partners, to ensure the learners succeed in their new employment journey.</li><li>Responsible for meeting all stated project deliverables following Mereka Project Management SOPs</li></ul><p><br>
</p><p><strong>Job Responsibilities/Requirements</strong></p><ul><li>Bachelor’s Degree in public policy, education, marketing, communications, project management, administration, management, business, human resources, or any related field.</li><li>At least 1 year of project management and/or related experience. Experience seeing projects through the full life cycle with a proven ability to complete projects according to outlined scope, budget, and timeline will be an added advantage.</li><li>Passionate and have a deep understanding of the digital upskilling &amp; employability scene in Malaysia/Indonesia. </li><li>Ability to speak, read and write fluently in English and Malay</li><li>Ability to connect and build meaningful relationships with stakeholders</li><li>Strong familiarity with project management, digital tools, methodologies, and best practices</li></ul><p><br>
</p><p>Remuneration Range: Starting from RM2,800 to RM4,500 (depending on career level)</p><p>Perks: Flexible Working Arrangement, Holistic Wellness, Career Growth &amp; Advancement, &amp; Approachable Leadership and Team</p><p>Location: Remote and/or Mereka, Publika</p><p>Engagement: Full-time role (To commence with a 1-year contract on the first year of employment)</p>
<!---->        </span>
      </div>
<!---->      <div class=""jobs-description__details"">
<!---->
      </div>
    </div>
  </article>"
2|Social Media Executive|Ogilvy|Petaling Jaya, Selangor, Malaysia|Full-time|Executive|10,001+ employees|Advertising Services|Microsoft Excel, Content Strategy, Growth Strategies, Marketing, Media Trends, Pages, Social Listening, Social Media, Social Media Marketing, Time Management|"We are looking for enthusiastic and creative individuals who are on the pulse of social media. You will be responsible for building and engaging with social media communities for our clients’ brands. The role also requires you to ideate content that are fit for the platform and aligns with the brand’s social strategy. You will work and partner with other experts at {company} to grow and excel.

MAIN JOB TASKS & RESPONSIBILITIES
Understand the client’s briefs and campaign objectives.
Understand the brand’s social tone and content strategy.
Ideate and conceptualize content for brand’s social media pages.
Upload and schedule content as per content calendar.
Engage with audiences on the brand’s page.
Be up to date on social media trends across Tiktok, Instagram, Twitter, Facebook and other social platforms.
Monitor and perform analysis on content performance.
Optimize social strategies based on industry updates and audience insights.
Maintain relationship and collaborate with clients as well as internal and external partners.

Education, Qualifications & Experience:
At least 1-3 years of work experiences in the field of social media marketing or advertising.
Knowledge of social platform landscape and best practices.
Understanding of social media KPIs.
Experience with social media management and social listening tools like sprinklr, Brandwatch Netbase, NewsWhip etc.
Ability to ideate and conceptualize social content.
Good time-management and multi-tasking skills.
A learning and growth mindset."|"<article class=""jobs-description__container
      m4"">
    <div class=""jobs-description__content jobs-description-content
        "">
      <div class=""jobs-box__html-content jobs-description-content__text t-14 t-normal
          jobs-description-content__text--stretch"" id=""job-details"" tabindex=""-1"">
<!---->
<!---->
<!---->        <span>
                <p>We are looking for enthusiastic and creative individuals who are on the pulse of social media. You will be responsible for building and engaging with social media communities for our clients’ brands. The role also requires you to ideate content that are fit for the platform and aligns with the brand’s social strategy. You will work and partner with other experts at Ogilvy to grow and excel.</p><p><br>
</p><p><strong><i>MAIN JOB TASKS &amp; RESPONSIBILITIES</i></strong></p><ul><li>Understand the client’s briefs and campaign objectives.</li><li>Understand the brand’s social tone and content strategy.</li><li>Ideate and conceptualize content for brand’s social media pages.</li><li>Upload and schedule content as per content calendar.</li><li>Engage with audiences on the brand’s page.</li><li>Be up to date on social media trends across Tiktok, Instagram, Twitter, Facebook and other social platforms.</li><li>Monitor and perform analysis on content performance.</li><li>Optimize social strategies based on industry updates and audience insights.</li><li>Maintain relationship and collaborate with clients as well as internal and external partners.</li></ul><p><br>
</p><p><strong><i>JOB REQUIREMENTS</i></strong></p><ul><li>At least 1-3 years of work experiences in the field of social media marketing or advertising.</li><li>Knowledge of social platform landscape and best practices.</li><li>Understanding of social media KPIs.</li><li>Experience with social media management and social listening tools like sprinklr, Brandwatch Netbase, NewsWhip etc.</li><li>Ability to ideate and conceptualize social content.</li><li>Good time-management and multi-tasking skills.</li><li>A learning and growth mindset.</li></ul><p></p>
<!---->        </span>
      </div>
<!---->      <div class=""jobs-description__details"">
<!---->
      </div>
    </div>
  </article>"
3|Soluto Content Specialist (Malaysia - Penang)|Asurion|Penang, Malaysia|Full-time|Executive|10,001+ employees|IT Services and IT Consulting|Communication, Contact Centers, Content Management, Customer Service, Customer-focused Service, Editing, Information Technology, Knowledge Management, Mobile Devices, Time Management|"Are you looking for a new role where you can be yourself and accomplish your best work? Look no further. At {company}, our teams work collaboratively to innovate and serve customers while ensuring employees succeed and feel valued.
We don’t just provide customers with exceptional service — we create a positive experience for our employees, helping them grow their careers while they help customers enjoy and do more with their technology.

Who is the Soluto Content Specialist?
Soluto is {company}’s next generation support experience, that is revolutionizing how customers utilize and get more out of their connected home / IOT / connected life. Our customer-focused technical community is driven to simplify digital lives. Our customers receive support on devices, applications and operating systems in the home, in the car, or wherever they need a friend, a technician, or a hero.

The purpose of a Soluto Content Specialist is in two areas:
(1) Support customers over the telephone or chat with various applications, networks and technologies.
(2) Responsible for the maintenance of the {company}’s Knowledge Management System (Know it All) and ensure that contents including job aids, performance information, work instructions are updated promptly. You will also be involved in creating content that is engaging, informative and easily understood by customers looking for technical assistance via an online medium.

Key Duties:
Through the use of logical trouble shooting and triage systems help customers to resolve hardware and software issues relating to their mobile, computer devices and home appliances.
Educate and enable customers to maximise the utility of their mobile devices.
Assist customers to connect their mobile device to a wide range of other connected devices.
Be proactive and innovative in finding mobile technology solutions.
Ensure that published contents in the {company} Knowledge Management System meet the required approval processes, and stakeholders are notified promptly of any additions, edits or archives
Liaises with Care Operation Management team to create, refresh, review and adapt contents for users, and acts as a primary contact for all content management queries.

Here’s what you’ll bring to the team:
Experience
Diploma or tertiary qualification in engineering or a related field preferred
1+ year’s experience working with technology and mobile devices
1+ year’s experience working in a contact centre
Experience in drafting, editing, and writing communications for different audiences
Experience in supporting others with mobile technology and other devices (this may include but is not limited to computers, gaming consoles, smart TVs, tablets etc.)
Excellent verbal and written communications skills in both Bahasa Melayu and English language.
Strong organizational, administrative, and time management skills.
Behavioural and Technical competencies
Passionate about customer service and loves helping and share knowledge with others.
Interest and desire to learn latest trend in mobile and smart home technology.
Follow the latest releases and updates in electronics appliances, mobile computer and wearable devices.

Remarks: Please be informed that the shortlisting process will be starting from mid-February 2023 onwards

How we can take care of you:
Join a non-hierarchical, fast paced and inclusive team – we foster a work culture where employees are valued, regardless of their background, level or position.
Be a part of something bigger – we are constantly evolving within a startup framework, cultivated and supported by the backing of a large global organization.
Boost your career through our culture of learning. Take advantage of tailored opportunities for personal growth as you build your personal development plan with your People Leader.
Connect with the local team through team building, town halls and group training.
Give back to the community through the partnership with our local charity partners.

Get to know us:
Our journey has taken us from a small startup to the biggest tech care company in the world. We’ll continue to evolve, but our integrity and commitment to our customers and partners will stay the same. With offices worldwide and working with respected companies you’ve heard of and whose products you love, {company}’s 24,000 employees and counting deliver a seamless, award-winning customer experience to our nearly 300 million customers, anticipating their needs and providing tailored services reachable within one touch. We are regularly recognized for our excellence in service, customer support and as a best place to work."|"<article class=""jobs-description__container
      m4"">
    <div class=""jobs-description__content jobs-description-content
        "">
      <div class=""jobs-box__html-content jobs-description-content__text t-14 t-normal
          jobs-description-content__text--stretch"" id=""job-details"" tabindex=""-1"">
<!---->
<!---->
<!---->        <span>
                <p>Are you looking for a new role where you can be yourself and accomplish your best work? Look no further. At Asurion, our teams work collaboratively to innovate and serve customers while ensuring employees succeed and feel valued.</p><p>We don’t just provide customers with exceptional service — we create a positive experience for our employees, helping them grow their careers while they help customers enjoy and do more with their technology.</p><p><br>
</p><p><strong>Who is the Soluto Content Specialist?</strong></p><p>Soluto is Asurion’s next generation support experience, that is revolutionizing how customers utilize and get more out of their connected home / IOT / connected life. Our customer-focused technical community is driven to simplify digital lives. Our customers receive support on devices, applications and operating systems in the home, in the car, or wherever they need a friend, a technician, or a hero.</p><p><br>
</p><p>The purpose of a Soluto Content Specialist is in two areas:</p><p>(1) Support customers over the telephone or chat with various applications, networks and technologies.</p><p>(2) Responsible for the maintenance of the Asurion’s Knowledge Management System (Know it All) and ensure that contents including job aids, performance information, work instructions are updated promptly. You will also be involved in creating content that is engaging, informative and easily understood by customers looking for technical assistance via an online medium.</p><p><br>
</p><p><strong>Key Duties:</strong></p><ul><li>Through the use of logical trouble shooting and triage systems help customers to resolve hardware and software issues relating to their mobile, computer devices and home appliances.</li><li>Educate and enable customers to maximise the utility of their mobile devices.</li><li>Assist customers to connect their mobile device to a wide range of other connected devices.</li><li>Be proactive and innovative in finding mobile technology solutions.</li><li>Ensure that published contents in the Asurion Knowledge Management System meet the required approval processes, and stakeholders are notified promptly of any additions, edits or archives</li><li>Liaises with Care Operation Management team to create, refresh, review and adapt contents for users, and acts as a primary contact for all content management queries.</li></ul><p><br>
</p><p><strong>Here’s what you’ll bring to the team:</strong></p><p><strong><u>Experience </u></strong></p><ul><li>Diploma or tertiary qualification in engineering or a related field preferred</li><li>1+ year’s experience working with technology and mobile devices</li><li>1+ year’s experience working in a contact centre</li><li>Experience in drafting, editing, and writing communications for different audiences</li><li>Experience in supporting others with mobile technology and other devices (this may include but is not limited to computers, gaming consoles, smart TVs, tablets etc.)</li><li>Excellent verbal and written communications skills in both Bahasa Melayu and English language.</li><li>Strong organizational, administrative, and time management skills.</li></ul><p><strong><u>Behavioural and Technical competencies</u></strong></p><ul><li>Passionate about customer service and loves helping and share knowledge with others.</li><li>Interest and desire to learn latest trend in mobile and smart home technology.</li><li>Follow the latest releases and updates in electronics appliances, mobile computer and wearable devices.</li></ul><p><br>
</p><p>Remarks: Please be informed that the shortlisting process will be starting from mid-February 2023 onwards</p><p><br>
</p><p><strong>How we can take care of you:</strong></p><ul><li>Join a non-hierarchical, fast paced and inclusive team – we foster a work culture where employees are valued, regardless of their background, level or position.</li><li>Be a part of something bigger – we are constantly evolving within a startup framework, cultivated and supported by the backing of a large global organization.</li><li>Boost your career through our culture of learning. Take advantage of tailored opportunities for personal growth as you build your personal development plan with your People Leader.</li><li>Connect with the local team through team building, town halls and group training.</li><li>Give back to the community through the partnership with our local charity partners.</li></ul><p><br>
</p><p><strong>Get to know us:</strong></p><p>Our journey has taken us from a small startup to the biggest tech care company in the world. We’ll continue to evolve, but our integrity and commitment to our customers and partners will stay the same. With offices worldwide and working with respected companies you’ve heard of and whose products you love, Asurion’s 24,000 employees and counting deliver a seamless, award-winning customer experience to our nearly 300 million customers, anticipating their needs and providing tailored services reachable within one touch. We are regularly recognized for our excellence in service, customer support and as a best place to work.</p>
<!---->        </span>
      </div>
<!---->      <div class=""jobs-description__details"">
<!---->
      </div>
    </div>
  </article>"
4|Personal Assistant|Ogilvy|Selangor, Malaysia|Full-time|Mid-Senior level|10,001+ employees|Advertising Services|Communication, Microsoft Excel, Microsoft PowerPoint, Clerical Skills, Confidentiality, Interpersonal Skills, Personal Assistance, RFI, RFP, Travel Arrangements|"The ideal candidate will be responsible for a range of activities which will assist this organization's leadership. In this position, you should feel comfortable coordinating calendar appointments, managing communications, and planning events, as necessary.


Tasks and responsibilities include:

Manage meeting schedules and appointments
Prepares meeting materials/PowerPoint presentation
Handles meeting arrangements, meeting room booking, refreshments
Prepare expense claims, travel warrant & PAAF form when needed
Make travel arrangements i.e. visa application, hotel reservation, flight booking, on ground transportation
Liaise with global client locally & abroad
Organize conference calls and Teams meeting with local and overseas offices
Attend to Regional Visitors/Senior Management Executives/Clients in office; prepare meeting agenda/itinerary, logistics arrangement
Attend to business enquiry receive via phone call or email
Involve in RFI/RFP submission; compiling company information, credentials, bio
Assist in co-ordinating events (e.g. catering, costing, logistics, all back-end related matters)
To undertake and assist in co-ordinating any other ad-hoc events from time to time i.e. Townhall, client marketing/digital events
Send out internal announcement via Megaphone i.e.
Update any related management information when required by Regional office
Main contact person for any general calls received i.e. potential prospects
Assist CEO in other personal matters i.e. utility bills, work permit
Main keeper of IT equipment; portable Bose speaker, clicker, Mac dongle
Supervise, manage and guide subordinate (Admin Assistant) approve timesheet, expenses and leave

Need to be:

Candidates with minimum 5 years of working experience are preferred
Proficient with current company computer programmes such as Word, Excel, Access, Power Point
Familiar with and skilled at standard secretarial responsibilities such as handling mail, making travel arrangements
An accurate proof reader
Delivers quality work and services
Works well under pressure
Handles and maintains confidentiality
Industrious and resourceful
Team player
Persistent and resourceful
Good communication and interpersonal skills
Excellent co-ordination skills, e.g. able to plan, communicate and follow-up
Familiar with work of the team and office, as well as general network resources
Displays work ethics and values of the organisation in day-to-day behaviourWorks with supervisor to identify and address training, education and skill-building needs"|"<article class=""jobs-description__container
      m4"">
    <div class=""jobs-description__content jobs-description-content
        "">
      <div class=""jobs-box__html-content jobs-description-content__text t-14 t-normal
          jobs-description-content__text--stretch"" id=""job-details"" tabindex=""-1"">
<!---->
<!---->
<!---->        <span>
                <p>The ideal candidate will be responsible for a range of activities which will assist this organization's leadership. In this position, you should feel comfortable coordinating calendar appointments, managing communications, and planning events, as necessary.</p><p><br>
</p><p><br>
</p><p><strong>Tasks and responsibilities include:</strong></p><p><br>
</p><ul><li>Manage meeting schedules and appointments</li><li>Prepares meeting materials/PowerPoint presentation</li><li>Handles meeting arrangements, meeting room booking, refreshments</li><li>Prepare expense claims, travel warrant &amp; PAAF form when needed</li><li>Make travel arrangements i.e. visa application, hotel reservation, flight booking, on ground transportation</li><li>Liaise with global client locally &amp; abroad</li><li>Organize conference calls and Teams meeting with local and overseas offices</li><li>Attend to Regional Visitors/Senior Management Executives/Clients in office; prepare meeting agenda/itinerary, logistics arrangement</li><li>Attend to business enquiry receive via phone call or email</li><li>Involve in RFI/RFP submission; compiling company information, credentials, bio</li><li>Assist in co-ordinating events (e.g. catering, costing, logistics, all back-end related matters)</li><li>To undertake and assist in co-ordinating any other ad-hoc events from time to time i.e. Townhall, client marketing/digital events</li><li>Send out internal announcement via Megaphone i.e.</li><li>Update any related management information when required by Regional office</li><li>Main contact person for any general calls received i.e. potential prospects</li><li>Assist CEO in other personal matters i.e. utility bills, work permit</li><li>Main keeper of IT equipment; portable Bose speaker, clicker, Mac dongle</li><li>Supervise, manage and guide subordinate (Admin Assistant) approve timesheet, expenses and leave</li></ul><p><br>
</p><p><strong>Need to be:</strong></p><p><br>
</p><ul><li>Candidates with minimum 5 years of working experience are preferred</li><li>Proficient with current company computer programmes such as Word, Excel, Access, Power Point</li><li>Familiar with and skilled at standard secretarial responsibilities such as handling mail, making travel arrangements</li><li>An accurate proof reader</li><li>Delivers quality work and services</li><li>Works well under pressure</li><li>Handles and maintains confidentiality</li><li>Industrious and resourceful</li><li>Team player</li><li>Persistent and resourceful</li><li>Good communication and interpersonal skills</li><li>Excellent co-ordination skills, e.g. able to plan, communicate and follow-up</li><li>Familiar with work of the team and office, as well as general network resources</li><li>Displays work ethics and values of the organisation in day-to-day behaviourWorks with supervisor to identify and address training, education and skill-building needs</li></ul>
<!---->        </span>
      </div>
<!---->      <div class=""jobs-description__details"">
<!---->
      </div>
    </div>
  </article>"
5|Paid Media Specialist|Hybrid|Kuala Lumpur, Federal Territory of Kuala Lumpur, Malaysia|Full-time|Associate|51-200 employees|Advertising Services|Microsoft Excel, Advertising, Analytical Skills, Campaign Management, Competitive Analysis, Employee Benefits, Facebook Ads, Marketing, Paid Media Advertising, Time Management|"About {company}.
Our in-house digital agency works with our advertising partners to develop digital performance & content campaigns, tapping into our deep editorial subject matter expertise. We’re intuitive and disciplined, turning ideas into action for global clients. We work with clients not for them - it's cliché but having strong relationships & delivering great results is at the heart of what we do at {company}.


The role in a nutshell.
This is a key hire for us, the role has been re-imagined for our level of growth moving into 2022. We are looking for someone to handle full paid media campaign management for global clients and everything else that comes along with it. This role would be for a current paid media or performance executive looking to unleash their expertise in a new role but also step up - working with six figure budgets across multiple clients.

1. Become a performance expert, not just managing campaigns but creating strategies around Search, Social & Programmatic to deliver real value.

2. Pumping out high quality analysis that breaks the data down to become easily digestible for key stakeholders.

3. Do you want to develop your channel expertise to include new channels such as Weibo, Wechat & Tencent adding another string to your media bow? Kickstarting international campaigns & working in new media markets is a key part of the role - training will be provided in these areas.

4. The trajectory of the role is what YOU make it - if you want to become a focused digital channel specialist then that's great, or alternatively if you have set your sights high on running an agency one day that's also fine by us!


The specifics.
Plan, write and launch paid media campaigns that perform & provide the results
Providing a consistent output of campaign builds, analysis and thinking outside the box to drive high levels of innovation
Disciplined daily management of all paid media campaigns
Tracking digital KPI’s to measure campaign performance
Work with new products to stay ahead of the game
Maintaining our strong relationships with Google & Facebook and other ads platforms provider
Produce detailed and accurate client reports and competitor analysis
Demonstrate a strong understanding of clients’ accounts to identify trends or issues to raise them with the wider team
Be responsible for time keeping and ensuring in-house budgeting and time management software is updated daily
Optimise and improve client’s advertising campaigns using the agency’s market-leading technologies
Support the Digital Director with research, insight and support around data that lead to effective cross-channel media strategies and tactics

What we need from you.
Degree qualified or equivalent
Minimum 2+ years working on paid media campaigns
Passionate about media & marketing (like us!)
Strong work ethic
Highly analytical and data driven
Strong excel skills
Other platforms technical knowledge such as Tik Tok, Twitter and LinkedIn is an added advantage
Team player, who works well internally and is aligned with our company culture
Inside out technical knowledge of at least Google Ads & Facebook Ads
Ability to analyse data and identify trends in customer behaviour


The benefits.
Monthly contribution to your physical health costs (e.g. gym membership)
Online training, tools, and resources, including 1:1 coaching sessions to help manage your wellbeing
24/7/365 employee wellness assistance line
Paid training for career accreditations
Internal mobility options and established career paths
Incentive schemes, financial advice and company pension contributions
Flexible holiday entitlement
Free fruit and a weekly breakfast/lunch
Charity fundraising challenges & volunteering days"|"<article class=""jobs-description__container
      m4"">
    <div class=""jobs-description__content jobs-description-content
        "">
      <div class=""jobs-box__html-content jobs-description-content__text t-14 t-normal
          jobs-description-content__text--stretch"" id=""job-details"" tabindex=""-1"">
<!---->
<!---->
<!---->        <span>
                <p><strong>About Hybrid.</strong></p><p>Our in-house digital agency works with our advertising partners to develop digital performance &amp; content campaigns, tapping into our deep editorial subject matter expertise. We’re intuitive and disciplined, turning ideas into action for global clients. We work <i>with</i> clients not for them - it's cliché but having strong relationships &amp; delivering great results is at the heart of what we do at Hybrid.</p><p><br>
</p><p><br>
</p><p><strong>The role in a nutshell.</strong></p><p>This is a key hire for us, the role has been re-imagined for our level of growth moving into 2022. We are looking for someone to handle full paid media campaign management for global clients and everything else that comes along with it. This role would be for a current paid media or performance executive looking to unleash their expertise in a new role but also step up - working with six figure budgets across multiple clients.</p><p><br>
</p><p>1. Become a performance expert, not just managing campaigns but creating strategies around Search, Social &amp; Programmatic to deliver real value.</p><p><br>
</p><p>2. Pumping out high quality analysis that breaks the data down to become easily digestible for key stakeholders.</p><p><br>
</p><p>3. Do you want to develop your channel expertise to include new channels such as Weibo, Wechat &amp; Tencent adding another string to your media bow? Kickstarting international campaigns &amp; working in new media markets is a key part of the role - training will be provided in these areas.</p><p><br>
</p><p>4. The trajectory of the role is what YOU make it - if you want to become a focused digital channel specialist then that's great, or alternatively if you have set your sights high on running an agency one day that's also fine by us!</p><p><br>
</p><p><br>
</p><p><strong>The specifics.</strong></p><ul><li>Plan, write and launch paid media campaigns that perform &amp; provide the results</li><li>Providing a consistent output of campaign builds, analysis and thinking outside the box to drive high levels of innovation</li><li>Disciplined daily management of all paid media campaigns</li><li>Tracking digital KPI’s to measure campaign performance</li><li>Work with new products to stay ahead of the game</li><li>Maintaining our strong relationships with Google &amp; Facebook and other ads platforms provider</li><li>Produce detailed and accurate client reports and competitor analysis</li><li>Demonstrate a strong understanding of clients’ accounts to identify trends or issues to raise them with the wider team</li><li>Be responsible for time keeping and ensuring in-house budgeting and time management software is updated daily</li><li>Optimise and improve client’s advertising campaigns using the agency’s market-leading technologies</li><li>Support the Digital Director with research, insight and support around data that lead to effective cross-channel media strategies and tactics</li></ul><p><br>
</p><p><strong><i> </i></strong></p><p><strong>What we need from you.</strong></p><ul><li>Degree qualified or equivalent</li><li>Minimum 2+ years working on paid media campaigns</li><li>Passionate about media &amp; marketing (like us!)</li><li>Strong work ethic</li><li>Highly analytical and data driven</li><li>Strong excel skills</li><li>Other platforms technical knowledge such as Tik Tok, Twitter and LinkedIn is an added advantage</li><li>Team player, who works well internally and is aligned with our company culture</li><li>Inside out technical knowledge of at least Google Ads &amp; Facebook Ads</li><li>Ability to analyse data and identify trends in customer behaviour</li></ul><p><br>
</p><p><br>
</p><p><strong>The benefits.</strong></p><ul><li>Monthly contribution to your physical health costs (e.g. gym membership)</li><li>Online training, tools, and resources, including 1:1 coaching sessions to help manage your wellbeing</li><li>24/7/365 employee wellness assistance line</li><li>Paid training for career accreditations</li><li>Internal mobility options and established career paths</li><li>Incentive schemes, financial advice and company pension contributions</li><li>Flexible holiday entitlement</li><li>Free fruit and a weekly breakfast/lunch</li><li>Charity fundraising challenges &amp; volunteering days</li></ul>
<!---->        </span>
      </div>
<!---->      <div class=""jobs-description__details"">
<!---->
      </div>
    </div>
  </article>"
6|Strategic Business Executive|Gempak Starz|Petaling Jaya, Selangor, Malaysia|Full-time||Raymond Joe is hiring for this job||Chinese, Campaigns, Digital Production, Intellectual, Intellectual Property, Intellectual Property Management, Mandarin, Marketing, Publishing, Strategic Thinking|"Responsibilities:

• Develop plans to materialize business strategy and analyses business proposals.
• Responsible for digital contents and intellectual Property management.
• Creative planning, develop marketing plan and perform A&P activities in making sure the business strategies are performing.
• Conduct presentations, proposals, negotiations and develop a continuous business relationship with existing clienteles and for expansion of our contents.
• Supporting the Strategic Business team in all tasks related to business strategic development work.

Education, Qualifications & Experience:

• Diploma or Bachelor’s Degree in Marketing / Business Studies / or equivalent.
• Minimum 1 year of related working experience.
• Effective verbal and written communication in both English and Chinese.
• Demonstrable strategic thinking abilities.
• Analytical mind with problem-solving aptitude.
• Able to project manage several projects and campaigns at the same time. Time management skills is required.
• Positive attitude and ability to work as a team is a must have traits.
• Highly motivated and results orientated individual. Flexible, capable of working in a dynamic, rapidly changing environment.

**Candidates must be able to work in Bandar Tasik Selatan, KL
**Candidates must have at least 1 year marketing experience in a publishing company.
**Candidates must be able to speak in Mandarin."|"<article class=""jobs-description__container
      m4"">
    <div class=""jobs-description__content jobs-description-content
        "">
      <div class=""jobs-box__html-content jobs-description-content__text t-14 t-normal
          jobs-description-content__text--stretch"" id=""job-details"" tabindex=""-1"">
<!---->
<!---->
<!---->        <span>
                <p>Responsibilities:</p><p><br>
</p><p> • Develop plans to materialize business strategy and analyses business proposals.</p><p> • Responsible for digital contents and intellectual Property management.</p><p> • Creative planning, develop marketing plan and perform A&amp;P activities in making sure the business strategies are performing.</p><p> • Conduct presentations, proposals, negotiations and develop a continuous business relationship with existing clienteles and for expansion of our contents.</p><p> • Supporting the Strategic Business team in all tasks related to business strategic development work.</p><p><br>
</p><p>Requirements:</p><p><br>
</p><p> • Diploma or Bachelor’s Degree in <strong>Marketing / Business Studies / or equivalent</strong>.</p><p> • Minimum<strong> 1 year</strong> of related working experience.</p><p> • Effective verbal and written communication in both <strong>English and Chinese.</strong></p><p> • Demonstrable strategic thinking abilities. </p><p>• Analytical mind with problem-solving aptitude.</p><p> • Able to project manage several projects and campaigns at the same time. Time management skills is required.</p><p> • Positive attitude and ability to work as a team is a must have traits.</p><p> • Highly motivated and results orientated individual. Flexible, capable of working in a dynamic, rapidly changing environment.</p><p><br>
</p><p><strong>**Candidates must be able to work in Bandar Tasik Selatan, KL</strong></p><p><strong>**Candidates must have at least 1 year marketing experience in a publishing company.</strong></p><p><strong>**Candidates must be able to speak in Mandarin.</strong></p>
<!---->        </span>
      </div>
<!---->      <div class=""jobs-description__details"">
<!---->
      </div>
    </div>
  </article>"
7|Customer Service Representative|SuamiSihat.com.my|Banting, Selangor, Malaysia|Full-time||11-50 employees|||"The ideal candidate loves talking to people and proactively solving issues. You will be responsible for converting customers into passionate evangelists
Responsibilities:
Respond to all email from prospects and customers.
Respond & entertain prospects and customers from WhatsApp chat.
Pick-up call from prospects or customers.
Provide good customer service and to increase the company's growth and revenue.
Resolve all customer issues and problems.
Follow-up on prospects who have not yet made a purchase.
Follow-up on customers after purchase from all sales channels.
Follow-up abandonment cart prospects from all sales channels.
Update daily & weekly sales report.
Execute sales event planned by superior.
Perform any other duties assigned by immediate superior.

Education, Qualifications & Experience:
Minimum of 1 to 3 years experience in the design industry in a similar capacity.
Can communicate fluently in Malay & English (Basic communication)
Diploma or Degree in Business, Management, or equivalent.
Have public relations skills
Have experience handling and serving customers
Likeable and social people (human-people)
Having basic knowledge about Microsoft"|"<article class=""jobs-description__container
      m4"">
    <div class=""jobs-description__content jobs-description-content
        "">
      <div class=""jobs-box__html-content jobs-description-content__text t-14 t-normal
          jobs-description-content__text--stretch"" id=""job-details"" tabindex=""-1"">
<!---->
<!---->
<!---->        <span>
                <p>The ideal candidate loves talking to people and proactively solving issues. You will be responsible for converting customers into passionate evangelists </p><p> </p><p><strong>Responsibilities</strong></p><ul><li>Respond to all email from prospects and customers.</li><li>Respond &amp; entertain prospects and customers from WhatsApp chat.</li><li>Pick-up call from prospects or customers.</li><li>Provide good customer service and to increase the company's growth and revenue.</li><li>Resolve all customer issues and problems.</li><li>Follow-up on prospects who have not yet made a purchase.</li><li>Follow-up on customers after purchase from all sales channels.</li><li>Follow-up abandonment cart prospects from all sales channels.</li><li>Update daily &amp; weekly sales report.</li><li>Execute sales event planned by superior.</li><li>Perform any other duties assigned by immediate superior.</li></ul><p><br>
</p><p><strong>Qualifications</strong></p><ul><li>Minimum of 1 to 3 years experience in the design industry in a similar capacity.</li><li>Can communicate fluently in Malay &amp; English (Basic communication)</li><li>Diploma or Degree in Business, Management, or equivalent.</li><li>Have public relations skills</li><li>Have experience handling and serving customers</li><li>Likeable and social people (human-people)</li><li>Having basic knowledge about Microsoft</li></ul>
<!---->        </span>
      </div>
<!---->      <div class=""jobs-description__details"">
<!---->
      </div>
    </div>
  </article>"
8|Freelance Translator|Appen|APAC|Part-time||501-1,000 employees|IT Services and IT Consulting||"Help improve the quality and performance of a machine translation engine!

{company} is the global leader in data for the AI Lifecycle. With more than 25 years of experience in data sourcing, data annotation, and model evaluation, we enable organizations to launch the world’s most innovative artificial intelligence systems.

This is an AI Specialist project. Our team’s mission is to deliver the best data solutions and expertise to developers of AI for communication, driven by our passion for innovation and our love of languages.

Project Details:
Your task is to produce highly accurate translations of SMS messages from Farsi into UK English. We will provide you with Guidelines for our translation requirements.
This project pays per source word
There are over 1 million characters to translate
Work from home setup with flexible hours

Education, Qualifications & Experience:
Stable internet connection
Strong attention to detail
Pass an English qualification test
Pass a Farsi to English translation test
Please note: this is an external test that is manually marked, as such there may be a slight delay in receiving results
Preferred Minimum Availability:
At least 10-15 hours per week

Evaluate language translations to help our client improve their machine translation engine in different languages! Join us now!

Thank you and we hope to work with you soon!


""{company} has a diverse, inclusive culture that is vital to our mission of helping build better AI. We offer opportunities for individuals of all abilities and backgrounds."""|"<article class=""jobs-description__container
      m4"">
    <div class=""jobs-description__content jobs-description-content
        "">
      <div class=""jobs-box__html-content jobs-description-content__text t-14 t-normal
          jobs-description-content__text--stretch"" id=""job-details"" tabindex=""-1"">
<!---->
<!---->
<!---->        <span>
                <p><strong>Help improve the quality and performance of a machine translation engine!</strong></p><p><br>
</p><p>Appen is the global leader in data for the AI Lifecycle. With more than 25 years of experience in data sourcing, data annotation, and model evaluation, we enable organizations to launch the world’s most innovative artificial intelligence systems. </p><p><br>
</p><p>This is an AI Specialist project. Our team’s mission is to deliver the best data solutions and expertise to developers of AI for communication, driven by our passion for innovation and our love of languages.</p><p><br>
</p><p><strong>Project Details:</strong> </p><p>Your task is to produce highly accurate translations of SMS messages from <strong>Farsi into UK English</strong>. We will provide you with Guidelines for our translation requirements. </p><ul><li>This project pays per source word </li><li>There are over 1 million characters to translate </li><li>Work from home setup with flexible hours</li></ul><p><br>
</p><p><strong>Requirements: </strong> </p><ul><li>Stable internet connection </li><li>Strong attention to detail </li><li>Pass an English qualification test </li><li>Pass a Farsi to English translation test </li><li>Please note: this is an external test that is manually marked, as such there may be a slight delay in receiving results </li></ul><p> </p><p><strong>Preferred Minimum Availability: </strong> </p><ul><li>At least 10-15 hours per week</li></ul><p><br>
</p><p>Evaluate language translations to help our client improve their machine translation engine in different languages! Join us now!</p><p><br>
</p><p>Thank you and we hope to work with you soon! </p><p><br>
</p><p><br>
</p><p><i> ""Appen has a diverse, inclusive culture that is vital to our mission of helping build better AI. We offer opportunities for individuals of all abilities and backgrounds.""</i></p>
<!---->        </span>
      </div>
<!---->      <div class=""jobs-description__details"">
<!---->
      </div>
    </div>
  </article>"
9|Freelance Translator Remote/Work from Home|Elite Asia|Kuala Lumpur, Federal Territory of Kuala Lumpur, Malaysia|Full-time|Associate|201-500 employees|Translation and Localization|English, Microsoft PowerPoint, English Translation, Machine Translation, Memoq, Proofreading, SDL Trados, Subtitling, Technical Translation, Website Localization|"Hi! We are looking for qualified Remote Freelance Translator English<>Any language pair

Our Requirements Are As Follow
Highly fluency in English and any language pair you have
Minimum 1-2 years experience in translation industry (expert linguist would be preferred)
Familiar to use translation software
Must work with MS Office (Excel, Words and PowerPoint) and PDF software
With the ability to work in fast paced environment
Able to work on free-lance and flexible hours
Benefits Being Our Freelancer
Immense flexibility of location
Opportunity to earn more *fee per word
Multi-faceted exposure
It all about your choice
Interested applicants, please send your resume at our website. Should your application be shortlisted, we will notify you by email."|"<article class=""jobs-description__container
      m4"">
    <div class=""jobs-description__content jobs-description-content
        "">
      <div class=""jobs-box__html-content jobs-description-content__text t-14 t-normal
          jobs-description-content__text--stretch"" id=""job-details"" tabindex=""-1"">
<!---->
            <div id=""ember827"" class=""artdeco-inline-feedback artdeco-inline-feedback--note ember-view mv3"" role=""status"">    <li-icon aria-hidden=""true"" type=""notify-pebble-icon"" class=""artdeco-inline-feedback__icon"" size=""small""><svg xmlns=""http://www.w3.org/2000/svg"" viewBox=""0 0 16 16"" data-supported-dps=""16x16"" fill=""currentColor"" class=""mercado-match"" width=""16"" height=""16"" focusable=""false"">
  <path d=""M12 2H4a2 2 0 00-2 2v8a2 2 0 002 2h8a2 2 0 002-2V4a2 2 0 00-2-2zm-3 8v2H7.5A1.5 1.5 0 016 10.5a1.56 1.56 0 01.1-.5l1.08-3h2.13l-1.09 3zm0-3.75A1.25 1.25 0 1110.25 5 1.25 1.25 0 019 6.25z""></path>
</svg></li-icon>

  <span class=""artdeco-inline-feedback__message"">
      This job is sourced from a job board.
      <button class=""artdeco-inline-feedback__linktext"" aria-label=""Learn more"" type=""button"">Learn more</button>
  </span>
</div>

<!---->        <span>
                <strong>Hi! We are looking for qualified Remote Freelance Translator English&lt;&gt;Any language pair<br>
<br>
</strong><strong><u>Our Requirements Are As Follow<br>
</u></strong><ul><li> Highly fluency in English and any language pair you have</li><li> Minimum 1-2 years experience in translation industry (expert linguist would be preferred)</li><li> Familiar to use translation software</li><li> Must work with MS Office (Excel, Words and PowerPoint) and PDF software</li><li> With the ability to work in fast paced environment</li><li> Able to work on free-lance and flexible hours<br>
</li></ul><strong><u>Benefits Being Our Freelancer<br>
</u></strong><ul><li> Immense flexibility of location</li><li> Opportunity to earn more *fee per word</li><li> Multi-faceted exposure</li><li> It all about your choice<br>
</li></ul>Interested applicants, please send your resume at our website. Should your application be shortlisted, we will notify you by email.
<!---->        </span>
      </div>
<!---->      <div class=""jobs-description__details"">
<!---->
      </div>
    </div>
  </article>"
10|Remote Freelance Interpreter based in Malaysia|Elite Asia|Kuala Lumpur, Federal Territory of Kuala Lumpur, Malaysia|Full-time|Associate|201-500 employees|Translation and Localization|Communication, Conference Interpreting, Consecutive Interpretation, Events, International Events, International Relations, Legal Translation, Medical Translation, Translation, Website Localization|"To Ensure Your Success As a Freelancer, You Should Possess Excellent Skill In The Following Area

ELITE ASIA is looking to hire highly motivated and resourceful freelancer to join our linguistic team. Freelancers are required to complete assignments that meet our client’s specifications.

Interpreter: listens to the original language and translates its meaning into equivalent speech in the target language of the audience.

Our Requirements Are As Follow
Have at least 1-2 years of experience in interpreting (General field). Please mention in the CV
Must be based in {location}alaysia
High fluency in English and targeted language (Native would be preferred)
Must have done international events and/or bilateral high-level meetings
Able to work on freelance basis
With the ability to work in fast paced environment
Benefits Being Our Freelancer
Immense flexibility of location.
Opportunity to earn more.
Multi-faceted exposure.
It is all about your choice
Interested applicant, please submit your resume at {email} or register yourself at our website"|"<article class=""jobs-description__container
      m4"">
    <div class=""jobs-description__content jobs-description-content
        "">
      <div class=""jobs-box__html-content jobs-description-content__text t-14 t-normal
          jobs-description-content__text--stretch"" id=""job-details"" tabindex=""-1"">
<!---->
            <div id=""ember855"" class=""artdeco-inline-feedback artdeco-inline-feedback--note ember-view mv3"" role=""status"">    <li-icon aria-hidden=""true"" type=""notify-pebble-icon"" class=""artdeco-inline-feedback__icon"" size=""small""><svg xmlns=""http://www.w3.org/2000/svg"" viewBox=""0 0 16 16"" data-supported-dps=""16x16"" fill=""currentColor"" class=""mercado-match"" width=""16"" height=""16"" focusable=""false"">
  <path d=""M12 2H4a2 2 0 00-2 2v8a2 2 0 002 2h8a2 2 0 002-2V4a2 2 0 00-2-2zm-3 8v2H7.5A1.5 1.5 0 016 10.5a1.56 1.56 0 01.1-.5l1.08-3h2.13l-1.09 3zm0-3.75A1.25 1.25 0 1110.25 5 1.25 1.25 0 019 6.25z""></path>
</svg></li-icon>

  <span class=""artdeco-inline-feedback__message"">
      This job is sourced from a job board.
      <button class=""artdeco-inline-feedback__linktext"" aria-label=""Learn more"" type=""button"">Learn more</button>
  </span>
</div>

<!---->        <span>
                <strong><u>To Ensure Your Success As a Freelancer, You Should Possess Excellent Skill In The Following Area<br>
<br>
</u></strong><strong>ELITE ASIA</strong> is looking to hire highly motivated and resourceful freelancer to join our linguistic team. Freelancers are required to complete assignments that meet our client’s specifications.<br>
<br>
Interpreter: listens to the original language and translates its meaning into equivalent speech in the target language of the audience.<br>
<br>
<strong><u>Our Requirements Are As Follow<br>
</u></strong><ul><li>Have at least 1-2 years of experience in interpreting (General field). Please mention in the CV</li><li>Must be based in Malaysia</li><li>High fluency in English and targeted language (Native would be preferred)</li><li>Must have done international events and/or bilateral high-level meetings</li><li>Able to work on freelance basis</li><li>With the ability to work in fast paced environment<br>
</li></ul><strong><u>Benefits Being Our Freelancer<br>
</u></strong><ul><li>Immense flexibility of location.</li><li>Opportunity to earn more.</li><li>Multi-faceted exposure.</li><li>It is all about your choice<br>
</li></ul>Interested applicant, please submit your resume at talents@eliteasia or register yourself at our website
<!---->        </span>
      </div>
<!---->      <div class=""jobs-description__details"">
<!---->
      </div>
    </div>
  </article>"
11|Forbes Marshall - Project Sales Manager/Engineer|Forbes Marshall|Greater Kuala Lumpur|Full-time|Entry level|1,001-5,000 employees|Automation Machinery Manufacturing|Communication, Account Management, Business Planning, Direct Sales, New Business Development, Sales, Sales Operations, Sales Processes, Team Leadership, Team Management|"Project Sales Manager / Engineer Join {company} Malaysia Sdn. Bhd.- We have an exciting opening for Projects / Business Development Manager to grow business in Malaysia. {company} is a leader in process efficiency and energy conservation solutions for the process industry. Our range includes products for steam efficiency, process optimization, and control & monitoring. Over the past 75 years, our innovative offerings have helped businesses improve their energy and process efficiency and be more environmentally responsible. Through 37 offices, 18 distribution centers and 6 manufacturing facilities, including one in the UK and one in Singapore, we serve over 8000 customers across 30 industry sectors globally.- We care about our people and our communities as much as we care about our customers businesses. We are committed to creating a diverse environment and are proud to be an equal opportunity employer. Our community initiatives include improved healthcare, access to education, livelihood programs and women empowerment projects. Our members are encouraged to participate in these initiatives.Role Description :- Handling all green field and expansion projects in Malaysia and building a strong pipeline for sales.- Generate business for boiler / steam equipment and instrumentation- Manage consultant, contractors and OEMs- Building lighthouse references- Closing orders with preferable payment terms and the commercial terms- Willing to Travel across Malaysia and meet customers 80 % of timeDesired Candidate :- Bachelor's Degree in Mechanical /Chemical/ Instrumentation Engineering.- 4 - 6 years of relevant experience.- Experienced in handling Green Field projects, Original Equipment Manufacturer (OEM), Contractors, Consultants and sale of capital goods.- Preferably having exposure to industries like Food & Beverage, Pharmaceutical, Chemical, Gloves and Oleo Chemical.- Experienced in Boiler Sales/ Equipment Sales - Original Equipment Manufacturer (OEM)- B2B and B2C sales- Understanding of P&IDs, CAD drawings, Steam Systems- Basic understanding of instrumentation- Understanding of International Payment terms/ Commercial Terms/ Legal and Logistical Terms- If you are a go-getter with excellent communication skills and are a good team player, you surely fit the profile. (ref:iimjobs.com)
Desired Skills and Experience
Industrial Sales,Project Sales,Sales,B2B Sales,Mfg/Auto Sales"|"<article class=""jobs-description__container
      m4"">
    <div class=""jobs-description__content jobs-description-content
        "">
      <div class=""jobs-box__html-content jobs-description-content__text t-14 t-normal
          jobs-description-content__text--stretch"" id=""job-details"" tabindex=""-1"">
<!---->
            <div id=""ember896"" class=""artdeco-inline-feedback artdeco-inline-feedback--note ember-view mv3"" role=""status"">    <li-icon aria-hidden=""true"" type=""notify-pebble-icon"" class=""artdeco-inline-feedback__icon"" size=""small""><svg xmlns=""http://www.w3.org/2000/svg"" viewBox=""0 0 16 16"" data-supported-dps=""16x16"" fill=""currentColor"" class=""mercado-match"" width=""16"" height=""16"" focusable=""false"">
  <path d=""M12 2H4a2 2 0 00-2 2v8a2 2 0 002 2h8a2 2 0 002-2V4a2 2 0 00-2-2zm-3 8v2H7.5A1.5 1.5 0 016 10.5a1.56 1.56 0 01.1-.5l1.08-3h2.13l-1.09 3zm0-3.75A1.25 1.25 0 1110.25 5 1.25 1.25 0 019 6.25z""></path>
</svg></li-icon>

  <span class=""artdeco-inline-feedback__message"">
      This job is sourced from a job board.
      <button class=""artdeco-inline-feedback__linktext"" aria-label=""Learn more"" type=""button"">Learn more</button>
  </span>
</div>

<!---->        <span>
                Project Sales Manager / Engineer Join Forbes Marshall Malaysia Sdn. Bhd.- We have an exciting opening for Projects / Business Development Manager to grow business in Malaysia. Forbes Marshall is a leader in process efficiency and energy conservation solutions for the process industry. Our range includes products for steam efficiency, process optimization, and control &amp; monitoring. Over the past 75 years, our innovative offerings have helped businesses improve their energy and process efficiency and be more environmentally responsible. Through 37 offices, 18 distribution centers and 6 manufacturing facilities, including one in the UK and one in Singapore, we serve over 8000 customers across 30 industry sectors globally.- We care about our people and our communities as much as we care about our customers businesses. We are committed to creating a diverse environment and are proud to be an equal opportunity employer. Our community initiatives include improved healthcare, access to education, livelihood programs and women empowerment projects. Our members are encouraged to participate in these initiatives.Role Description :- Handling all green field and expansion projects in Malaysia and building a strong pipeline for sales.- Generate business for boiler / steam equipment and instrumentation- Manage consultant, contractors and OEMs- Building lighthouse references- Closing orders with preferable payment terms and the commercial terms- Willing to Travel across Malaysia and meet customers 80 % of timeDesired Candidate :- Bachelor's Degree in Mechanical /Chemical/ Instrumentation Engineering.- 4 - 6 years of relevant experience.- Experienced in handling Green Field projects, Original Equipment Manufacturer (OEM), Contractors, Consultants and sale of capital goods.- Preferably having exposure to industries like Food &amp; Beverage, Pharmaceutical, Chemical, Gloves and Oleo Chemical.- Experienced in Boiler Sales/ Equipment Sales - Original Equipment Manufacturer (OEM)- B2B and B2C sales- Understanding of P&amp;IDs, CAD drawings, Steam Systems- Basic understanding of instrumentation- Understanding of International Payment terms/ Commercial Terms/ Legal and Logistical Terms- If you are a go-getter with excellent communication skills and are a good team player, you surely fit the profile. (ref:iimjobs.com)
            <br>
            <h3 class=""js-skills-header t-16 t-black--light t-bold"">Desired Skills and Experience</h3>
            Industrial Sales,Project Sales,Sales,B2B Sales,Mfg/Auto Sales
        </span>
      </div>
<!---->      <div class=""jobs-description__details"">
<!---->
      </div>
    </div>
  </article>"
